{
    "distance": 1.443096656422277,
    "angle": 2.0149025958463036,
    "dihedral": -2.8527701661051834
}
