{
    "angle": 2.014923074580997,
    "dihedral": -2.8527701661051834,
    "sc_a0": 1.9366028715164367,
    "sc_a1": 1.9501811611447346,
    "sc_a2": 2.044697662261966,
    "sc_a3": 2.007077917758493,
    "sc_a4": 1.966931025746925,
    "sc_chi0": -3.0972997779407567,
    "sc_chi1": -1.1837038449289232,
    "sc_chi2": 2.9365040076864912,
    "sc_chi3": -3.111979524726831,
    "sc_chi4": -1.8523933436797895
}