{
    "N": 1.4554429785247358,
    "Calpha": 1.5352094074926335,
    "CO": 1.3386375832494648
}