{
    "N": 2.1367293302820793,
    "Calpha": 1.8861722331825885,
    "CO": 2.0218062240742642
}