{
    "N": 0.05673038546980757,
    "Calpha": 0.05973643014341084,
    "CO": 0.03822711803587237
}